<?xml version="1.0" encoding="UTF-8"?>
<project-private xmlns="http://www.netbeans.org/ns/project-private/1">
    <editor-bookmarks xmlns="http://www.netbeans.org/ns/editor-bookmarks/2" lastBookmarkId="0"/>
    <open-files xmlns="http://www.netbeans.org/ns/projectui-open-files/2">
        <group>
            <file>file:/Z:/MARCATO/purchase_requisition/web/Requisição%20de%20compras/purchase_Formulario.html</file>
            <file>file:/Z:/MARCATO/purchase_requisition/web/Requisição%20de%20compras/style_Purchase_Formulario.css</file>
        </group>
    </open-files>
</project-private>
